buyer_id,name,pathway_id,lat,lon,demand_cap_t,price_inr_t
B1,Cement plant - Nagpur,P1,21.15,79.09,25000,700
B2,Cement plant - Chandrapur,P1,19.85,79.25,20000,650
B3,Cement plant - Raigad,P1,18.90,73.10,15000,750
B4,GGBS unit - Raigad,P2,18.85,73.00,20000,1600
B5,GGBS unit - Pune,P2,18.52,73.86,15000,1500
B6,Brick cluster - Nagpur,P3,21.10,79.00,12000,350
B7,Brick cluster - Nashik,P3,20.00,73.80,10000,350
B8,Highway project - Akola,P4,20.70,77.00,30000,120
B9,Highway project - Pune-Nashik,P4,19.50,74.00,15000,100
B10,Mine backfill - Kandri,P5,21.40,79.30,30000,0
B11,Mine backfill - Balaghat,P5,22.00,80.70,20000,0
