pathway_id,prop,min_val,max_val,basis
P1,sum_oxides,70,,IS 3812 / ASTM C618 Class F (indicative - verify)
P1,so3,,3.0,IS 3812 (indicative - verify)
P1,loi,,5.0,IS 3812 (indicative - verify)
P1,moisture,,2.0,IS 3812 (indicative - verify)
P1,retained_45um,,34,IS 3812 fineness (indicative - verify)
P2,basicity,1.0,,IS 12089 slag modulus (simplified) (indicative - verify)
P2,mgo,,17,IS 12089 (indicative - verify)
P2,loi,,3.0,IS 12089 (indicative - verify)
P2,glass_pct,85,,Glass content for reactivity (indicative - verify)
P3,sio2,35,,IS 12894 fly-ash brick input (indicative - verify)
P3,loi,,12,IS 12894 (indicative - verify)
P3,so3,,3.0,IS 12894 (indicative - verify)
P4,loi,,12,IRC:SP:58 embankment guidance (indicative - verify)
P4,so3,,3.0,IRC:SP:58 (indicative - verify)
P4,sulphide_s,,1.0,Acid-generation risk limit (assumed - verify)
P5,sulphide_s,,3.0,Backfill sulphide limit (assumed - verify)
P5,moisture,,30,Paste handling limit (assumed - verify)
